id,project_slug,cve_id,cwe_id,cwe_name,github_username,github_repository_name,github_tag,github_url,advisory_id,buggy_commit_id,fix_commit_ids
1,perwendel__spark_CVE-2018-9159_2.7.1,CVE-2018-9159,CWE-022,Improper Limitation of a Pathname to a Restricted Directory ('Path Traversal'),perwendel,spark,2.7.1,https://github.com/perwendel/spark,GHSA-76qr-mmh8-cp8f,5316c0d0f057daaf556c3907c20df975f7bf8a8a,030e9d00125cbd1ad759668f85488aba1019c668;a221a864db28eb736d36041df2fa6eb8839fc5cd;ce9e11517eca69e58ed4378d1e47a02bd06863cc
2,perwendel__spark_CVE-2016-9177_2.5.1,CVE-2016-9177,CWE-022,Improper Limitation of a Pathname to a Restricted Directory ('Path Traversal'),perwendel,spark,2.5.1,https://github.com/perwendel/spark,GHSA-89gc-6cw6-4vch,ce57dfb949ed183405f75dee8cf3262b45c9b3b5,efcb46c710e3f56805b9257a63d1306882f4faf9
3,wildfly__wildfly_CVE-2018-1047_11.0.0.Final,CVE-2018-1047,CWE-022,Improper Limitation of a Pathname to a Restricted Directory ('Path Traversal'),wildfly,wildfly,11.0.0.Final,https://github.com/wildfly/wildfly,GHSA-fmr4-w67p-vh8x,4fd7bffaf2ee73201910684f2674aa1bced7fe81,735c77ce8b3bab6aa5072fb8575dc96db52d01ab;21c358acf0b06f38ec46034404c7a3d0bbbc132d;9ff55ed2da845a6f604b2edd1bc3bd311f1b776c
4,vert-x3__vertx-web_CVE-2018-12542_3.5.3.CR1,CVE-2018-12542,CWE-022,Improper Limitation of a Pathname to a Restricted Directory ('Path Traversal'),vert-x3,vertx-web,3.5.3.CR1,https://github.com/vert-x3/vertx-web,GHSA-h39x-m55c-v55h,3fe3873cc28b4d833c90f8989ff797a7b463da2c,57a65dce6f4c5aa5e3ce7288685e7f3447eb8f3b
5,dromara__hutool_CVE-2018-17297_4.1.11,CVE-2018-17297,CWE-022,Improper Limitation of a Pathname to a Restricted Directory ('Path Traversal'),dromara,hutool,4.1.11,https://github.com/dromara/hutool,GHSA-rhq2-2574-78mc,96b486bb5ab5c2690c7b907a3fc67e25eab3c991,994a7a49bffec80400264065ed7e3f265a7d9dc9
6,apache__tika_CVE-2018-11762_1.18,CVE-2018-11762,CWE-022,Improper Limitation of a Pathname to a Restricted Directory ('Path Traversal'),apache,tika,1.18,https://github.com/apache/tika,GHSA-w6g3-v46q-5p28,38ff2a986af24ee255f1f91d654ea402f4016696,a09d853dbed712f644e274b497cce254f3189d57;5c78eb78893fa077a4e58be4484eab4717667d52
7,spring-cloud__spring-cloud-config_CVE-2020-5410_2.1.8.RELEASE,CVE-2020-5410,CWE-022,Improper Limitation of a Pathname to a Restricted Directory ('Path Traversal'),spring-cloud,spring-cloud-config,2.1.8.RELEASE,https://github.com/spring-cloud/spring-cloud-config,GHSA-32xf-jwmv-9hf3,91843a9ddc7489275b679568bfce1e4c37af71e1,03eaadc25323d8c8c89f528e8585033ed90c50f6
8,spring-cloud__spring-cloud-config_CVE-2020-5405_2.1.6.RELEASE,CVE-2020-5405,CWE-022,Improper Limitation of a Pathname to a Restricted Directory ('Path Traversal'),spring-cloud,spring-cloud-config,2.1.6.RELEASE,https://github.com/spring-cloud/spring-cloud-config,GHSA-g86w-v5vg-9gxf,24e7292e5930367396461354d3f9d8ba8b94771c,651f458919c40ef9a5e93e7d76bf98575910fad0
9,joniles__mpxj_CVE-2020-35460_8.3.4,CVE-2020-35460,CWE-022,Improper Limitation of a Pathname to a Restricted Directory ('Path Traversal'),joniles,mpxj,8.3.4,https://github.com/joniles/mpxj,GHSA-p9j6-4pjr-gp48,87ea0ba33e901b87c95a18e3703ac51b59e2ee04,8eaf4225048ea5ba7e59ef4556dab2098fcc4a1d
10,apache__flink_CVE-2020-17519_1.11.2,CVE-2020-17519,CWE-022,Improper Limitation of a Pathname to a Restricted Directory ('Path Traversal'),apache,flink,1.11.2,https://github.com/apache/flink,GHSA-395w-qhqr-9fr6,fe3613574f76201a8d55d572a639a4ce7e18a9db,b561010b0ee741543c3953306037f00d7a9f0801
11,kubernetes-client__java_CVE-2020-8570_client-java-parent-9.0.1,CVE-2020-8570,CWE-022,Improper Limitation of a Pathname to a Restricted Directory ('Path Traversal'),kubernetes-client,java,client-java-parent-9.0.1,https://github.com/kubernetes-client/java,GHSA-cghx-9gcr-r42x,796c74f4244cacd90d99393640ccaad0c72f8893,858316ae8bc1145005a0310e1f65f95d2389a589
12,asf__karaf_CVE-2022-22932_4.3.5,CVE-2022-22932,CWE-022,Improper Limitation of a Pathname to a Restricted Directory ('Path Traversal'),apache,karaf,4.3.5,https://github.com/apache/karaf,GHSA-544x-2jx9-4pfg,d0439e5b0dde1c7e3ff0207c557aa701093acd25,36a2bc4
13,vert-x3__vertx-web_CVE-2019-17640_3.9.3,CVE-2019-17640,CWE-022,Improper Limitation of a Pathname to a Restricted Directory ('Path Traversal'),vert-x3,vertx-web,3.9.3,https://github.com/vert-x3/vertx-web,GHSA-vjw7-6gfq-6wf5,2146b7240096e25b40bb1acc083fa7ec79330989,b12f7c4c6576a8adc3f683b2899de4b0e7d099e4
14,ESAPI__esapi-java-legacy_CVE-2022-23457_2.2.3.1,CVE-2022-23457,CWE-022,Improper Limitation of a Pathname to a Restricted Directory ('Path Traversal'),ESAPI,esapi-java-legacy,2.2.3.1,https://github.com/ESAPI/esapi-java-legacy,GHSA-8m5h-hrqm-pxm2,2e8694c6beb3bdbb2645b882eba72ce41bc63242,a0d67b75593878b1b6e39e2acc1773b3effedb2a
15,srikanth-lingala__zip4j_CVE-2018-1002202_1.3.2,CVE-2018-1002202,CWE-022,Improper Limitation of a Pathname to a Restricted Directory ('Path Traversal'),srikanth-lingala,zip4j,1.3.2,https://github.com/srikanth-lingala/zip4j,GHSA-2rpm-4x8c-pvqg,c4c993cb143db99832eadd03699bd8228a9793b8,3f15884e338fd2490bb9ee710cf0828aca55d285
16,alibaba__one-java-agent_CVE-2022-25842_0.0.1,CVE-2022-25842,CWE-022,Improper Limitation of a Pathname to a Restricted Directory ('Path Traversal'),alibaba,one-java-agent,0.0.1,https://github.com/alibaba/one-java-agent,GHSA-9hr3-j9mc-xmq2,b911af2bb779917c84a016350700745dc31c642a,359603b63fc6c59d8b57e061c171954bab3433bf;b5b437f9f4c8cbfe7bdbe266e975a4bd513c13fe
17,apache__myfaces_CVE-2011-4367_2.0.11,CVE-2011-4367,CWE-022,Improper Limitation of a Pathname to a Restricted Directory ('Path Traversal'),apache,myfaces,2.0.11,https://github.com/apache/myfaces,GHSA-gjfx-9wx3-j6r7,bedac49daffc3cb792fa19884620af01ab5a01ab,236cd211327c557825c7fce091bcc68f57a88e8e;99ef1250ca3e28213e85eac14817e1ff93fc9e6a;c07c3bf93ad0e0cf530ddece0642783f1553ad89;9e7e996a4ef83c4d8e673ee6e4431348e598e031;b9b2e00bb53d3eb435256c5a140b83f7d6251b55
18,undertow-io__undertow_CVE-2014-7816_1.0.16.Final,CVE-2014-7816,CWE-022,Improper Limitation of a Pathname to a Restricted Directory ('Path Traversal'),undertow-io,undertow,1.0.16.Final,https://github.com/undertow-io/undertow,GHSA-h6p6-fc4w-cqhx,4aa98c80fa9962235c94f8666c30793d0018f95d,28f244e63f558ba99a197813cfd5eee461b52b4c
19,jeremylong__DependencyCheck_CVE-2018-12036_3.1.2,CVE-2018-12036,CWE-022,Improper Limitation of a Pathname to a Restricted Directory ('Path Traversal'),jeremylong,DependencyCheck,3.1.2,https://github.com/jeremylong/DependencyCheck,GHSA-hcwx-7q5v-vc67,c3b5b3c0d7fe7283b4cd421149d6fb620476f67d,c106ca919aa343b95cca0ffff0a0b5dc20b2baf7
20,codehaus-plexus__plexus-archiver_CVE-2018-1002200_3.5,CVE-2018-1002200,CWE-022,Improper Limitation of a Pathname to a Restricted Directory ('Path Traversal'),codehaus-plexus,plexus-archiver,3.5,https://github.com/codehaus-plexus/plexus-archiver,GHSA-hcxq-x77q-3469,b9f9a425865eb47fb3665b3144ee4ca11f402704,f8f4233508193b70df33759ae9dc6154d69c2ea8
21,zeroturnaround__zt-zip_CVE-2018-1002201_1.12,CVE-2018-1002201,CWE-022,Improper Limitation of a Pathname to a Restricted Directory ('Path Traversal'),zeroturnaround,zt-zip,1.12,https://github.com/zeroturnaround/zt-zip,GHSA-qcf3-9vmh-xw4r,bd3f3d77f3709f901fd5180a493ef32e4dfebfa6,759b72f33bc8f4d69f84f09fcb7f010ad45d6fff
22,jlangch__venice_CVE-2022-36007_1.10.16,CVE-2022-36007,CWE-022,Improper Limitation of a Pathname to a Restricted Directory ('Path Traversal'),jlangch,venice,1.10.16,https://github.com/jlangch/venice,GHSA-4mmh-5vw7-rgvj,9306c93686100a6bc52ad0c8cb617ed199b5f75c,215ae91bb964013b0a2d70718a692832d561ae0a;c942c73136333bc493050910f171a48e6f575b23
23,DSpace__DSpace_CVE-2022-31195_5.10,CVE-2022-31195,CWE-022,Improper Limitation of a Pathname to a Restricted Directory ('Path Traversal'),DSpace,DSpace,5.1,https://github.com/DSpace/DSpace,GHSA-8rmh-55h4-93h5,eca7968be7d6b9f8f5f302c9fc09f8186ed4809e,56e76049185bbd87c994128a9d77735ad7af0199;7af52a0883a9dbc475cf3001f04ed11b24c8a4c0
24,DSpace__DSpace_CVE-2022-31194_5.10,CVE-2022-31194,CWE-022,Improper Limitation of a Pathname to a Restricted Directory ('Path Traversal'),DSpace,DSpace,5.1,https://github.com/DSpace/DSpace,GHSA-qp5m-c3m9-8q2p,eca7968be7d6b9f8f5f302c9fc09f8186ed4809e,7569c6374aefeafb996e202cf8d631020eda5f24;d1dd7d23329ef055069759df15cfa200c8e3
25,diffplug__goomph_CVE-2022-26049_3.37.1,CVE-2022-26049,CWE-022,Improper Limitation of a Pathname to a Restricted Directory ('Path Traversal'),diffplug,goomph,3.37.1,https://github.com/diffplug/goomph,GHSA-p2f7-9cv7-jjf6,fe2083196f0d0a75885aea402baaa972254173d5,25f04f67ba62d9a14104bee13a0a0f2517afb8c8
26,testng-team__testng_CVE-2022-4065_7.5,CVE-2022-4065,CWE-022,Improper Limitation of a Pathname to a Restricted Directory ('Path Traversal'),cbeust,testng,7.5,https://github.com/cbeust/testng,GHSA-rc2q-x9mf-w3vf,d8adcef70a9e0b8fcef5eab92ca87a8d398cfb89,9150736cd2c123a6a3b60e6193630859f9f0422b
27,apache__uima-uimaj_CVE-2022-32287_3.3.0,CVE-2022-32287,CWE-022,Improper Limitation of a Pathname to a Restricted Directory ('Path Traversal'),apache,uima-uimaj,3.3.0,https://github.com/apache/uima-uimaj,GHSA-xgqr-5wqw-9fpv,f1f557a415ae38e383bf050587a510211515c21d,1088f615154b385dd163965b8d2ef78e87111ab1
28,keycloak__keycloak_CVE-2022-3782_20.0.1,CVE-2022-3782,CWE-022,Improper Limitation of a Pathname to a Restricted Directory ('Path Traversal'),keycloak,keycloak,20.0.1,https://github.com/keycloak/keycloak,GHSA-g8q8-fggx-9r3q,cce8ee2b1ab7c925bfbb62d8f12a33e93d943040,da8d61616399d5c4e4c470c16dd6b0bd98f2b656
29,hapifhir__org.hl7.fhir.core_CVE-2023-24057_5.6.91,CVE-2023-24057,CWE-022,Improper Limitation of a Pathname to a Restricted Directory ('Path Traversal'),hapifhir,org.hl7.fhir.core,5.6.91,https://github.com/hapifhir/org.hl7.fhir.core,GHSA-jqh6-9574-5x22,7b22d0355b1b12448e50b9cbfe2a8ae63f2ee828,b50aec59124416b7315a49220cfc3999223414cc
30,Graylog2__graylog2-server_CVE-2023-41044_5.1.2,CVE-2023-41044,CWE-022,Improper Limitation of a Pathname to a Restricted Directory ('Path Traversal'),Graylog2,graylog2-server,5.1.2,https://github.com/Graylog2/graylog2-server,GHSA-2q4p-f6gf-mqr5,d970230b6f3ecb83e07dd43df56428d1421c40e9,02b8792e6f4b829f0c1d87fcbf2d58b73458b938
31,apache__mina-sshd_CVE-2023-35887_2.9.2,CVE-2023-35887,CWE-022,Improper Limitation of a Pathname to a Restricted Directory ('Path Traversal'),apache,mina-sshd,2.9.2,https://github.com/apache/mina-sshd,GHSA-mjmq-gwgm-5qhm,fbbbb7b6af7fdf1765f297a96dfec3f198f5fd7d,10de190e7d3f9189deb76b8d08c72334a1fe2df0;a61e93035f06bff8fc622ad94870fb773d48b9f0;c20739b43aab0f7bf2ccad982a6cb37b9d5a8a0b
32,codehaus-plexus__plexus-archiver_CVE-2023-37460_4.7.1,CVE-2023-37460,CWE-022,Improper Limitation of a Pathname to a Restricted Directory ('Path Traversal'),codehaus-plexus,plexus-archiver,4.7.1,https://github.com/codehaus-plexus/plexus-archiver,GHSA-wh3p-fphp-9h2m,e7cbadba1b5c78192677da95b355dd790f3a4535,54759839fbdf85caf8442076f001d5fd64e0dcb2
33,codehaus-plexus__plexus-utils_CVE-2022-4244_3.0.23,CVE-2022-4244,CWE-022,Improper Limitation of a Pathname to a Restricted Directory ('Path Traversal'),codehaus-plexus,plexus-utils,3.0.23,https://github.com/codehaus-plexus/plexus-utils,GHSA-g6ph-x5wf-g337,6176f91bb843eecddac857591ed20bda38e01470,33a2853df8185b4519b1b8bfae284f03392618ef
34,yamcs__yamcs_CVE-2023-45278_5.8.6,CVE-2023-45278,CWE-022,Improper Limitation of a Pathname to a Restricted Directory ('Path Traversal'),yamcs,yamcs,5.8.6,https://github.com/yamcs/yamcs,GHSA-43fw-536j-w37j,ba2eea1c9bcd8d5bb1794eb6dacb063bf91890f0,b6db35e432e62fdff0447cf513369f0b8a848abf
35,yamcs__yamcs_CVE-2023-45277_5.8.6,CVE-2023-45277,CWE-022,Improper Limitation of a Pathname to a Restricted Directory ('Path Traversal'),yamcs,yamcs,5.8.6,https://github.com/yamcs/yamcs,GHSA-w4m2-qmh3-2g8f,ba2eea1c9bcd8d5bb1794eb6dacb063bf91890f0,b6db35e432e62fdff0447cf513369f0b8a848abf
36,apache__sling-org-apache-sling-servlets-resolver_CVE-2024-23673_2.10.0,CVE-2024-23673,CWE-022,Improper Limitation of a Pathname to a Restricted Directory ('Path Traversal'),apache,sling-org-apache-sling-servlets-resolver,2.10.0,https://github.com/apache/sling-org-apache-sling-servlets-resolver,GHSA-h2rq-qhr7-53gm,cb80c5e80144fcd9f6ac283ffb564f3b863cfbb2,b54d4e6693e0bcd63a97a0328f4f065b8a81b75e
37,DSpace__DSpace_CVE-2025-53622_dspace-7.6.3,CVE-2025-53622,CWE-022,Improper Limitation of a Pathname to a Restricted Directory ('Path Traversal'),DSpace,DSpace,dspace-7.6.3,https://github.com/DSpace/DSpace,GHSA-vhvx-8xgc-99wf,4da8ed69f44786dc33a3dd9a62ee719a51a4830e,3163ff8b1ea0abe09683a1a94fb5f5bb039983b3
38,SimpleHelp__SimpleHelp_CVE-2024-57727_5.5.7,CVE-2024-57727,CWE-022,Improper Limitation of a Pathname to a Restricted Directory ('Path Traversal'),SimpleHelp,SimpleHelp,5.5.7,,GHSA-x84r-h282-g729,https://medium.com/@unKnOwn37/simplehelp-cve-2024-57727-tryhackme-3bea119c1c1e,
39,opensolon__solon_CVE-2025-46096_3.1.2,CVE-2025-46096,CWE-022,Improper Limitation of a Pathname to a Restricted Directory ('Path Traversal'),opensolon,solon,3.1.2,https://github.com/opensolon/solon,GHSA-m63q-4hr8-5r5h,4fa2b0eb5d84ec11eb2c62fc5f809a2f79705e8a,49a3bf95fdcf050829843004b65a2b336ca6ddff
40,jmix-framework__jmix_CVE-2025-32950_2.0.0,CVE-2025-32950,CWE-022,Improper Limitation of a Pathname to a Restricted Directory ('Path Traversal'),jmix-framework,jmix,2.0.0,https://github.com/jmix-framework/jmix,GHSA-jx4g-3xqm-62vh,589855d1261df79199b81e955791173500e070f9,6a66aa3adb967159a30d703e80403406f4c8f7a2;c589ef4e2b25620770b8036f4ad05f1a6250cb6a;cc97e6ff974b9e7af8160fab39cc5866169daa37;f4e6fb05bd245cf36f3e9319aaa0fcd540d024aa
41,deepjavalibrary__djl_CVE-2025-0851_0.30.0,CVE-2025-0851,CWE-022,Improper Limitation of a Pathname to a Restricted Directory ('Path Traversal'),deepjavalibrary,djl,0.30.0,https://github.com/deepjavalibrary/djl,GHSA-jcrp-x7w3-ffmg,faaf4be2be36ad8a51d3395384095f03b1f83b3d,7415cc5f72aae69ea9716a5e4f709af03a77a619
42,gaul__s3proxy_CVE-2025-24961_2.5.0,CVE-2025-24961,CWE-022,Improper Limitation of a Pathname to a Restricted Directory ('Path Traversal'),gaul,s3proxy,2.5.0,https://github.com/gaul/s3proxy,GHSA-2ccp-vqmv-4r4x,1e110a3c0288f697a064713570a71881ef2c0ff7,86b6ee4749aa163a78e7898efc063617ed171980
43,apache__dolphinscheduler_CVE-2022-34662_2.0.9,CVE-2022-34662,CWE-022,Improper Limitation of a Pathname to a Restricted Directory ('Path Traversal'),apache,dolphinscheduler,2.0.9,https://github.com/apache/dolphinscheduler,GHSA-fp35-xrrr-3gph,23302054559410093573fb169336bafeb02db97f,63f835715f8ca8bff79c0e7177ebfa5917ebb3bd
44,apache__camel_CVE-2018-8041_2.20.3,CVE-2018-8041,CWE-022,Improper Limitation of a Pathname to a Restricted Directory ('Path Traversal'),apache,camel,2.20.3,https://github.com/apache/camel,GHSA-jv74-f9pj-xp3f,32bfda73ddd1ea8576bcb53dac496af9e0825f1a,4580e4d6c65cfd544c1791c824b5819477c583cc;4f401c09d22c45c94fa97746dc31905e06b19e3;63c7c080de4d18f9ceb25843508710df2c2c6d4;a0d25d9582c6ee85e9567fa39413df0b4f02ef7
45,joniles__mpxj_CVE-2024-49771_8.3.5,CVE-2024-49771,CWE-022,Improper Limitation of a Pathname to a Restricted Directory ('Path Traversal'),joniles,mpxj,8.3.5,https://github.com/joniles/mpxj,GHSA-j945-c44v-97g6,b0c789d136a174888d0cb41b706603df2c795676,8002802890dfdc8bc74259f37e053e15b827eea0
46,h2oai__h2o-3_CVE-2024-8616_3.44.0.3,CVE-2024-8616,CWE-073,External Control of File Name or Path,h2oai,h2o-3,3.44.0.3,https://github.com/h2oai/h2o-3,GHSA-g48v-3p35-88jr,3f9977a3972e857f0ffb7b1925c75f972f9a07b1,https://github.com/h2oai/h2o-3/blob/088190f9d0370a02a483fca68d8dc89c996b4f83/h2o-core/src/main/java/water/api/ModelsHandler.java#L310
47,unclebob__fitnesse_CVE-2024-28125_20240707,CVE-2024-28125,CWE-078,Improper Neutralization of Special Elements used in an OS Command ('OS Command Injection'),unclebob,fitnesse,20240707,https://github.com/unclebob/fitnesse,GHSA-x9r9-48rm-4xm6,19ac94233da164218c84ed38f53a6993d34cf503,
48,apache__hadoop_CVE-2022-25168_3.3.0,CVE-2022-25168,CWE-078,Improper Neutralization of Special Elements used in an OS Command ('OS Command Injection'),apache,hadoop,3.3.0,https://github.com/apache/hadoop,GHSA-8wm5-8h9c-47pc,df2ae271ccfbd562f9132d5ba795e638d38cb04a,cae749b076f35f0be13a926ee8cfbb7ce4402746
49,x-stream__xstream_CVE-2013-7285_1.4.6,CVE-2013-7285,CWE-078,Improper Neutralization of Special Elements used in an OS Command ('OS Command Injection'),x-stream,xstream,1.4.6,https://github.com/x-stream/xstream,GHSA-f554-x222-wgf7,768c6e417a75e7732fc591bee844e5e81af56a7d,6344867dce6767af7d0fe34fb393271a6456672d
50,jenkinsci__workflow-cps-plugin_CVE-2022-25173_2646.v6ed3b5b01ff1,CVE-2022-25173,CWE-078,Improper Neutralization of Special Elements used in an OS Command ('OS Command Injection'),jenkinsci,workflow-cps-plugin,2646.v6ed3b5b01ff1,https://github.com/jenkinsci/workflow-cps-plugin,GHSA-4m7p-55jm-3vwv,6ed3b5b01ff16dc4f6f9f4b209dbc21394b13913,f7ae7b75a457976853539bff1db52373b85fdb85
51,jenkinsci__workflow-cps-global-lib-plugin_CVE-2022-25174_544.vff04fa68714d,CVE-2022-25174,CWE-078,Improper Neutralization of Special Elements used in an OS Command ('OS Command Injection'),jenkinsci,workflow-cps-global-lib-plugin,544.vff04fa68714d,https://github.com/jenkinsci/workflow-cps-global-lib-plugin,GHSA-g9fx-6j5c-grmw,ff04fa68714d2cc277e8a87512461bdf3a39e186,ace0de3c2d691662021ea10306eeb407da6b6365
52,jenkinsci__workflow-multibranch-plugin_CVE-2022-25175_706.vd43c65dec013,CVE-2022-25175,CWE-078,Improper Neutralization of Special Elements used in an OS Command ('OS Command Injection'),jenkinsci,workflow-multibranch-plugin,706.vd43c65dec013,https://github.com/jenkinsci/workflow-multibranch-plugin,GHSA-pj84-qjm3-77mg,d43c65dec013812b084fecbb4a310d856eb6b89a,71c3f0a6ccdb2ba43f43686826b0d62160df85e8
53,codehaus-plexus__plexus-utils_CVE-2017-1000487_3.0.15,CVE-2017-1000487,CWE-078,Improper Neutralization of Special Elements used in an OS Command ('OS Command Injection'),codehaus-plexus,plexus-utils,3.0.15,https://github.com/codehaus-plexus/plexus-utils,GHSA-8vhq-qq4p-grq3,3b271b43f9e5021b4232fc2ffdfb4e469c7f8685,b38a1b3a4352303e4312b2bb601a0d7ec6e28f41
54,jenkinsci__git-client-plugin_CVE-2019-10392_2.8.4,CVE-2019-10392,CWE-078,Improper Neutralization of Special Elements used in an OS Command ('OS Command Injection'),jenkinsci,git-client-plugin,2.8.4,https://github.com/jenkinsci/git-client-plugin,GHSA-hw6x-2qwv-rxr7,72add81da4cbeabc95504ebdb9007d47ac1c2b0b,899123fa2eb9dd2c37137aae630c47c6be6b4b02
55,jenkinsci__perfecto-plugin_CVE-2020-2261_1.17,CVE-2020-2261,CWE-078,Improper Neutralization of Special Elements used in an OS Command ('OS Command Injection'),jenkinsci,perfecto-plugin,1.17,https://github.com/jenkinsci/perfecto-plugin,GHSA-jq84-6fmm-6qv6,adabcd9da98628e063bb91198e30ff39a34dc921,52c09ad2e26416211e4009b095c4f16508b27b8a
56,apache__nifi_CVE-2022-33140_1.16.2,CVE-2022-33140,CWE-078,Improper Neutralization of Special Elements used in an OS Command ('OS Command Injection'),apache,nifi,1.16.2,https://github.com/apache/nifi,GHSA-77hf-23pq-2g7c,06f04958272dafc30ce357c4c4edcaf470050b52,a1306a19f78e11c2d809e9aef24336669461403a
57,jenkinsci__script-security-plugin_CVE-2023-24422_1228.vd93135a_2fb_25,CVE-2023-24422,CWE-078,Improper Neutralization of Special Elements used in an OS Command ('OS Command Injection'),jenkinsci,script-security-plugin,1228.vd93135a_2fb_25,https://github.com/jenkinsci/script-security-plugin,GHSA-76qj-9gwh-pvv3,d93135a2fb250c04cc361b0bb1efd809bc63ad08,4880bbe905a6783d80150c8b881d0127430d4a73
58,apache__storm_CVE-2021-38294_2.0.0,CVE-2021-38294,CWE-078,Improper Neutralization of Special Elements used in an OS Command ('OS Command Injection'),apache,storm,2.0.0,https://github.com/apache/storm,GHSL-2021-085,2ba95bbd1c911d4fc6363b1c4b9c4c6d86ac9aae,aa67da56da0e21506624ea9ad12b35b630d28dc8
59,larsga__Duke_CVE-2023-39013_1.2,CVE-2023-39013,CWE-074,Improper Neutralization of Special Elements in Output Used by a Downstream Component ('Injection'),larsga,Duke,1.2,https://github.com/larsga/Duke,GHSA-p83q-99rc-vfmv,7faaa5155db337c776375cc1d0596b103d3dc3c2,https://github.com/larsga/Duke/issues/273
60,apache__sling-org-apache-sling-jcr-base_CVE-2023-25141_3.1.0,CVE-2023-25141,CWE-074,Improper Neutralization of Special Elements in Output Used by a Downstream Component ('Injection'),apache,sling-org-apache-sling-jcr-base,3.1.0,https://github.com/apache/sling-org-apache-sling-jcr-base,GHSA-gvg3-83q4-rfhq,beac20f604ae8bc7ad5aaa53e8ce31de1c4d159e,6ed0a030fd5f13774aff0073c55cbe3ace0153cb
61,apache__karaf_CVE-2022-40145_4.4.0,CVE-2022-40145,CWE-074,Improper Neutralization of Special Elements in Output Used by a Downstream Component ('Injection'),apache,karaf,4.4.0,https://github.com/apache/karaf,GHSA-c2p4-8mvv-rwmv,7ae1614dc92173612af82ad1ddc81d7c671744ff,3819f4834192f0f38f5ffef1ca8ea165a80eb8f0
62,apache__flume_CVE-2022-34916_1.10.0,CVE-2022-34916,CWE-074,Improper Neutralization of Special Elements in Output Used by a Downstream Component ('Injection'),apache,flume,1.10.0,https://github.com/apache/logging-flume,GHSA-h9mh-mgpv-gqmv,5cf133991d664819161c72ace587803a8afd06cf,7fe9af49c485756e1b618493a5bc00b70d7fbd2d
63,rhuss__jolokia_CVE-2018-1000130_1.3.7,CVE-2018-1000130,CWE-074,Improper Neutralization of Special Elements in Output Used by a Downstream Component ('Injection'),rhuss,jolokia,1.3.7,https://github.com/rhuss/jolokia,GHSA-rhqj-4pp8-vvgf,62063241d69071cbb0f2de400e55e03e182d48f0,1b360b8889f0ed51165a8d1ac55dd8e0aa2dfd4a
64,apache__synapse_CVE-2017-15708_3.0.0,CVE-2017-15708,CWE-502,Deserialization of Untrusted Data,apache,synapse,3.0.0,https://github.com/apache/synapse,GHSA-p694-23q3-rvrc,dee3c038fc717ce016e1e7031354fbf8d92f967f,
65,adobe__coldfusion_CVE-2019-7091_11_Update_15,CVE-2019-7091,CWE-502,Deserialization of Untrusted Data,adobe,coldfusion,11_Update_15,https://github.com/adobe/coldfusion,GHSA-gfjx-jxq2-c44v,https://www.secrss.com/articles/8362,
66,apache__solr_CVE-2019-0192_6.0.0,CVE-2019-0192,CWE-502,Deserialization of Untrusted Data,apache,solr,6.0.0,https://github.com/apache/solr,GHSA-xhcq-fv7x-grr2,6b8fec656361e37492e137ac61fd37c0e60b070d,
67,apache__activemq_CVE-2023-46604_5.16.0,CVE-2023-46604,CWE-502,Deserialization of Untrusted Data,apache,activemq,5.16.0,https://github.com/apache/activemq,GHSA-crg9-44h2-xw35,86dd78b1aa64cbf0af15669c0e4af62dfae0d158,80089f9f476afab7d976f5fc37c5ab4aa0c2139d;22442b2385b1000312aec3d19e510131d595a5fc;958330df26cf3d5cdb63905dc2c6882e98781d8f;9905e2a5bf9862a049f94ce0a2465b0c7ad52436;d0ccdd31544ada83185554c87c7aa141064020f0
68,apache__shiro_CVE-2016-4437_1.2.4,CVE-2016-4437,CWE-284,Improper Access Control,apache,shiro,1.2.4,https://github.com/apache/shiro,GHSA-p836-389h-j692,41b7830c81b1bd1986ba160cb40d923e44581f51,64d9f8341e1aa7ef1a29744e16ea7c578ca5deee
69,apache__logging-log4j2_CVE-2021-44228_2.14.0,CVE-2021-44228,CWE-502,Deserialization of Untrusted Data,apache,logging-log4j2,2.14.0,https://github.com/apache/logging-log4j2,GHSA-jfh8-c2jp-5v3q,4ab25b92de43e4786c8e2da8c8379a0d69771961,https://github.com/apache/logging-log4j2/pull/608
70,powsybl__powsybl-core_CVE-2025-47771_6.7.1,CVE-2025-47771,CWE-502,Deserialization of Untrusted Data,powsybl,powsybl-core,6.7.1,https://github.com/powsybl/powsybl-core,GHSA-f5cx-h789-j959,d8398f689a5ccd505bd62eee2bd6670a29133110,8ed16ce41683c4aef5f6aa1dd5ae8642aa5ed2bd
71,apache__jmeter_CVE-2018-1297_3.0.0,CVE-2018-1297,CWE-502,Deserialization of Untrusted Data,apache,jmeter,3.0.0,https://github.com/apache/jmeter,GHSA-7v85-6hv2-rwgw,ab1b9a0342d02c1ead42bccf2eb1227a3d21dcc1,ab1b9a0342d02c1ead42bccf2eb1227a3d21dcc1
72,h2oai__h2o-3_CVE-2025-6544_3.46.0.7,CVE-2025-6544,CWE-502,Deserialization of Untrusted Data,h2oai,h2o-3,3.46.0.7,https://github.com/h2oai/h2o-3,GHSA-5w3j-gwgh-4rfv,479065fe4d09bf8f364b6cab45b54f9324ee1c1d,0298ee348f5c73673b7b542158081e79605f5f25
73,h2oai__h2o-3_CVE-2024-10553_3.46.0.5,CVE-2024-10553,CWE-502,Deserialization of Untrusted Data,h2oai,h2o-3,3.46.0.5,https://github.com/h2oai/h2o-3,GHSA-h7xg-cmpp-48hf,62c1c2579b6eb97e8813659a5e7b919af8ae0c5f,ac1d642b4d86f10a02d75974055baf2a4b2025ac
74,xuxueli__xxl-rpc_CVE-2023-45146_1.7.0,CVE-2023-45146,CWE-502,Deserialization of Untrusted Data,xuxueli,xxl-rpc,1.7.0,https://github.com/xuxueli/xxl-rpc,GHSA-f984-3wx8-grp9,cee39e90449c34602e2ba70a845af9a913dce20f,https://securitylab.github.com/advisories/GHSL-2023-052_XXL-RPC/
75,apache__incubator-seata_CVE-2024-47552_2.0.0,CVE-2024-47552,CWE-502,Deserialization of Untrusted Data,apache,incubator-seata,2.0.0,https://github.com/apache/incubator-seata,GHSA-2r4x-667f-mpfh,73733dadf4250ad6bd683f99474266d18c6b6c35,c0d2ac540b5579e909ae3240f112575313fcad34
76,apache__inlong_CVE-2023-51785_1.5.0,CVE-2023-51785,CWE-502,Deserialization of Untrusted Data,apache,inlong,1.5.0,https://github.com/apache/inlong,GHSA-crwj-2r3c-gx2g,9bd8781f32a151900feb2345580b858d6a1c0229,d674bfe28416aff728eabafc1f6b8bb9ba5a5b8e
77,fengjiachu__Jupiter_CVE-2023-48887_1.3.1,CVE-2023-48887,CWE-502,Deserialization of Untrusted Data,fengjiachun,Jupiter,1.3.1,https://github.com/fengjiachun/Jupiter,GHSA-6pqx-v9g4-5hc8,33ae75e46d81c5edcb0921352adee1151c903507,https://github.com/fengjiachun/Jupiter/issues/115
78,glazedlists__glazedlists_CVE-2023-31890_1.11.0,CVE-2023-31890,CWE-502,Deserialization of Untrusted Data,glazedlists,glazedlists,1.11.0,https://github.com/glazedlists/glazedlists,GHSA-p6m6-9j36-vfjx,41f98a4465707b158aaa6e07982a8459e60f35f9,https://github.com/glazedlists/glazedlists/issues/709
79,apache__jspwiki_CVE-2019-10077_2.11.0.M3,CVE-2019-10077,CWE-079,Improper Neutralization of Input During Web Page Generation ('Cross-site Scripting'),apache,jspwiki,2.11.0.M3,https://github.com/apache/jspwiki,GHSA-cj6j-32rg-45r2,2ea7973c1c7fdf2771a9743dbc8ecb27c9bb162d,87c89f0405d6b31fc165358ce5d5bc4536e32a8a
80,apache__jspwiki_CVE-2019-10076_2.11.0.M3,CVE-2019-10076,CWE-079,Improper Neutralization of Input During Web Page Generation ('Cross-site Scripting'),apache,jspwiki,2.11.0.M3,https://github.com/apache/jspwiki,GHSA-cxx2-fp39-rf3r,2ea7973c1c7fdf2771a9743dbc8ecb27c9bb162d,60a9cb84ce36a0392fa5a01afcf28c11857c2f9e
81,apache__jspwiki_CVE-2019-10078_2.11.0.M3,CVE-2019-10078,CWE-079,Improper Neutralization of Input During Web Page Generation ('Cross-site Scripting'),apache,jspwiki,2.11.0.M3,https://github.com/apache/jspwiki,GHSA-hp5r-mhgp-56c9,2ea7973c1c7fdf2771a9743dbc8ecb27c9bb162d,46cd981dfb431730da3f9249f5db858aacf11e52
82,apache__jspwiki_CVE-2019-10089_2.11.0.M4,CVE-2019-10089,CWE-079,Improper Neutralization of Input During Web Page Generation ('Cross-site Scripting'),apache,jspwiki,2.11.0.M4,https://github.com/apache/jspwiki,GHSA-3rx2-x6mx-grj3,6e1dc66adf3faa22e7f1f60189611a3d8ddb0726,2956ccb307dd4b23b25c8ddeae8d7e7b301c6ff3
83,hibernate__hibernate-validator_CVE-2019-10219_6.0.17.Final,CVE-2019-10219,CWE-079,Improper Neutralization of Input During Web Page Generation ('Cross-site Scripting'),hibernate,hibernate-validator,6.0.17.Final,https://github.com/hibernate/hibernate-validator,GHSA-m8p2-495h-ccmh,7694cff9ed6325006382390c9bb2d8e4f3efedb6,124b7dd6d9a4ad24d4d49f74701f05a13e56ceee;20d729548511ac5cff6fd459f93de137195420fe
84,asf__cxf_CVE-2016-6812_3.0.11,CVE-2016-6812,CWE-079,Improper Neutralization of Input During Web Page Generation ('Cross-site Scripting'),apache,cxf,3.0.11,https://github.com/apache/cxf,GHSA-vw2c-5wph-v92r,6c7df35913ce3fc6ec8f5dc6c6074b187f751aa6,1be97cb13aef121b799b1be4d9793c0e8b925a12;1f824d8039c7a42a4aa46f844e6c800e1143c7e7;32e89366e2daa5670ac7a5c5c19f0bf9329a4c1e;a30397b0
85,apache__jspwiki_CVE-2022-46907_2.11.3,CVE-2022-46907,CWE-079,Improper Neutralization of Input During Web Page Generation ('Cross-site Scripting'),apache,jspwiki,2.11.3,https://github.com/apache/jspwiki,GHSA-qvq8-cw7f-m7m4,515dff39c66c43318056fa76a20117662d2a0e8d,0b9a0149032170063f22d65e335dfd317db815ea;46e1ef7a595ca5cabf5ef184139910413f2024fc;484c6a133e397693991b7c9a9b62ef3ca48ce707;75019d337f1d0033b1f65428e75f43baeffd99dd;82be08904a6d8bd22fa2d4e5a7e85f43408724d3;9d6dbf911d52d724297e4e46c4b80649fb028ff9;df20770f251a8d7431047e556b144ef24ee6a3a7
86,liferay__liferay-portal_CVE-2025-62249_114.1.0,CVE-2025-62249,CWE-079,Improper Neutralization of Input During Web Page Generation ('Cross-site Scripting'),liferay,liferay-portal,114.1.0,https://github.com/liferay/liferay-portal,GHSA-rx48-gqc2-4w47,a9017d1f654503189fcd6eecd59bd501a7015b8c,66c51e026f7c9eee8f82137a586ceea5bdc081a5
87,liferay__liferay-portal-taglib-clay-CVE-2025-43774_15.2.1,CVE-2025-43774,CWE-079,Improper Neutralization of Input During Web Page Generation ('Cross-site Scripting'),liferay,liferay-portal-taglib-clay,15.2.1,https://github.com/liferay/liferay-portal,GHSA-qgj5-4qvg-2f8c,a9017d1f654503189fcd6eecd59bd501a7015b8c,e15df92e3faa3abbf38e3643b79ab8cf2983d6df
88,asf__cxf_CVE-2019-17573_3.2.11,CVE-2019-17573,CWE-079,Improper Neutralization of Input During Web Page Generation ('Cross-site Scripting'),apache,cxf,3.2.11,https://github.com/apache/cxf,GHSA-f93p-f762-vr53,da2d27d97f9e9abd7d307e2224e5e0338b767ee2,a02e96ba1095596bef481919f16a90c5e80a92c8
89,pippo-java__pippo_CVE-2017-18349_1.11.0,CVE-2017-18349,CWE-020,Improper Input Validation,pippo-java,pippo,1.11.0,https://github.com/pippo-java/pippo,GHSA-xjrr-xv9m-4pw5,a2eb20fd813641e343f1a319b5b4b7855b581fec,https://github.com/pippo-java/pippo/issues/466
90,spring-cloud__spring-cloud-gateway_CVE-2022-22947_3.0.6,CVE-2022-22947,CWE-094,Improper Control of Generation of Code ('Code Injection'),spring-cloud,spring-cloud-gateway,3.0.6,https://github.com/spring-cloud/spring-cloud-gateway,GHSA-3gx9-37ww-9qw6,da0f9014bcc9131d8f15141be74011b89a01420f,1b868d2159e8fb71c22d583e424ae699f90532e3
91,apache__dubbo_CVE-2021-30180_2.7.9,CVE-2021-30180,CWE-094,Improper Control of Generation of Code ('Code Injection'),apache,dubbo,2.7.9,https://github.com/apache/dubbo,GHSA-7wfc-x4f7-gg2x,f0483b80a32e813a4393879744e30d0084c3eafd,041f8bb0a98a912bd363560d5a2339198dcf79a5
92,fabric8io__kubernetes-client_CVE-2021-4178_5.0.2,CVE-2021-4178,CWE-094,Improper Control of Generation of Code ('Code Injection'),fabric8io,kubernetes-client,5.0.2,https://github.com/fabric8io/kubernetes-client,GHSA-98g7-rxmf-rrxm,1d1b3d404836871c4d0fc0a35dafe5d40369b519,445103004d1ed3153d5abb272473451d05891e39
93,asf__commons-text_CVE-2022-42889_1.9,CVE-2022-42889,CWE-094,Improper Control of Generation of Code ('Code Injection'),apache,commons-text,1.9,https://github.com/apache/commons-text,GHSA-599f-7c49-w659,cb85bed468e99d34b88d0c81fe20eb3b1615660e,b9b40b903e2d1f9935039803c9852439576780ea
94,ff4j__ff4j_CVE-2022-44262_1.8.13,CVE-2022-44262,CWE-094,Improper Control of Generation of Code ('Code Injection'),ff4j,ff4j,1.8.13,https://github.com/ff4j/ff4j,GHSA-65hj-9ppw-77xc,7c34409d320ed1c917c4ec4ac72a99661c4e446f,62d03140f3bfbd380d0f4b4e5a94dcb8baa9d9c6
95,apache__dolphinscheduler_CVE-2023-51770_3.2.0,CVE-2023-51770,CWE-094,Improper Control of Generation of Code ('Code Injection'),apache,dolphinscheduler,3.2.0,https://github.com/apache/dolphinscheduler,GHSA-ff2w-wm48-jhqj,f64b254809f21f811eaef780d489a43b490ca327,309c8c97a9b9003244496dedc7861a5026f9441a
96,apache__dolphinscheduler_CVE-2023-49109_3.2.0,CVE-2023-49109,CWE-094,Improper Control of Generation of Code ('Code Injection'),apache,dolphinscheduler,3.2.0,https://github.com/apache/dolphinscheduler,GHSA-qwxx-xww6-8q8m,f64b254809f21f811eaef780d489a43b490ca327,8c01fcf14b199e2c1ba86c17351e1ea30614f484
97,apache__activemq_CVE-2020-11998_5.15.12,CVE-2020-11998,CWE-094,Improper Control of Generation of Code ('Code Injection'),apache,activemq,5.15.12,https://github.com/apache/activemq,GHSA-wqfh-9m4g-7x6x,cebbd7fdea0633e6a0cbbef427f9b753949fa531,0d6e5f2;88b78d0;aa8900c
98,HtmlUnit__htmlunit_CVE-2023-49093_3.8.0,CVE-2023-49093,CWE-094,Improper Control of Generation of Code ('Code Injection'),HtmlUnit,htmlunit,3.8.0,https://github.com/HtmlUnit/htmlunit,GHSA-37vq-hr2f-g7h7,641325bbc84702dc9800ec7037aec061ce21956b,
99,apache__rocketmq_CVE-2023-33246_5.1.0,CVE-2023-33246,CWE-094,Improper Control of Generation of Code ('Code Injection'),apache,rocketmq,5.1.0,https://github.com/apache/rocketmq,GHSA-x3cq-8f32-5f63,b8e9334d2a1ed8868a3b15b63b8ef3198fcb81ce,9d411cf04a695e7a3f41036e8377b0aa544d754d;c3ada731405c5990c36bf58d50b3e61965300703
100,xerial__sqlite-jdbc_CVE-2023-32697_3.41.2.1,CVE-2023-32697,CWE-094,Improper Control of Generation of Code ('Code Injection'),xerial,sqlite-jdbc,3.41.2.1,https://github.com/xerial/sqlite-jdbc,GHSA-6phf-6h5g-97j2,a3322b2ae802b28624bcd4e2e20c55558e46cf99,edb4b8adc2447bc04e05b9b908195a4bc7926242
101,DSpace__DSpace_CVE-2025-53621_dspace-7.6.3,CVE-2025-53621,CWE-611,Improper Restriction of XML External Entity Reference,DSpace,DSpace,dspace-7.6.3,https://github.com/DSpace/DSpace,GHSA-jjwr-5cfh-7xwh,24357bdd9cf3bd05e4336d0c2d8a0cc7a2932417,28b5f3810fa2b819516e706849a99a9bf5f3de87
102,apache__solr_CVE-2018-8026_6.0.0,CVE-2018-8026,CWE-611,Improper Restriction of XML External Entity Reference,apache,solr,6.0.0,https://github.com/apache/solr,GHSA-7px3-6f6g-hxcj,48c80f91b8e5cd9b3a9b48e6184bd53e7619e7e3,1880d4824e6c5f98170b9a00aad1d437ee2aa12;3aa6086ed99fa7158d423dc7c33dae6da466b09;d1baf6ba593561f39e2da0a71a8440797005b55;e5407c5a9710247e5f728aae36224a245a51f0b
103,apache__xmlgraphics-fop_CVE-2017-5661_2.1,CVE-2017-5661,CWE-611,Improper Restriction of XML External Entity Reference,apache,xmlgraphics-fop,2.1,https://github.com/apache/xmlgraphics-fop,GHSA-5hg8-r9vq-gjqp,43933a18291fc2e7092e1bd535f59d8f0890a2fc,
104,apache__jackrabbit_CVE-2025-53689_2.22.0,CVE-2025-53689,CWE-611,Improper Restriction of XML External Entity Reference,apache,jackrabbit,2.22.0,https://github.com/apache/jackrabbit,GHSA-44c3-38h8-9fh9,66c73133c8b8a1fc374251ceab692f1d9b59225d,02786c0a01838580252bdab79bfa54026c30294e
105,HL7__fhir-ig-publisher_CVE-2024-52807_1.7.3,CVE-2024-52807,CWE-611,Improper Restriction of XML External Entity Reference,HL7,fhir-ig-publisher,1.7.3,https://github.com/HL7/fhir-ig-publisher,GHSA-8c3x-hq82-gjcm,a923509a20e150a2a9a10fda9719998eba896692,https://github.com/HL7/fhir-ig-publisher/compare/1.7.3...1.7.4
106,apache__wicket_CVE-2024-36522_9.0.0,CVE-2024-36522,CWE-611,Improper Restriction of XML External Entity Reference,apache,wicket,9.0.0,https://github.com/apache/wicket,GHSA-hhwc-gh8h-9rrp,c2802f3ef8df9833da63d144fb4ad03d59e31acc,
107,powsybl__powsybl-core_CVE-2025-47293_6.7.1,CVE-2025-47293,CWE-611,Improper Restriction of XML External Entity Reference,powsybl,powsybl-core,6.7.1,https://github.com/powsybl/powsybl-core,GHSA-qpj9-qcwx-8jv2,ad8fe9c20cb963d4046f5a5df6ac1bd693cd5f5b,e6c7c4997ae8758b54a2f23ce1a499e25113acdc
108,allure-framework__allure2_CVE-2025-52888_2.34.0,CVE-2025-52888,CWE-611,Improper Restriction of XML External Entity Reference,allure-framework,allure2,2.34.0,https://github.com/allure-framework/allure2,GHSA-h7qf-qmf3-85qg,45aa78535658893b365f5efe94a573ba9323421d,cbcb33719851ff70adce85d38e15d20fc58d4eb7
109,hapifhir__org.hl7.fhir.core_CVE-2024-52007_5.6.91,CVE-2024-52007,CWE-611,Improper Restriction of XML External Entity Reference,hapifhir,org.hl7.fhir.core,5.6.91,https://github.com/hapifhir/org.hl7.fhir.core,GHSA-gr3c-q7xf-47vh,7b22d0355b1b12448e50b9cbfe2a8ae63f2ee828,https://github.com/hapifhir/org.hl7.fhir.core/issues/1571
110,hapifhir__org.hl7.fhir.core_CVE-2024-51132_5.6.91,CVE-2024-51132,CWE-611,Improper Restriction of XML External Entity Reference,hapifhir,org.hl7.fhir.core,5.6.91,https://github.com/hapifhir/org.hl7.fhir.core,GHSA-4cf2-cxp3-rjr7,7b22d0355b1b12448e50b9cbfe2a8ae63f2ee828,7ede053a5fca50cc2802884c661a241d51703a67
111,apache__xmlgraphics-fop_CVE-2024-28168_2.9,CVE-2024-28168,CWE-611,Improper Restriction of XML External Entity Reference,apache,xmlgraphics-fop,2.9,https://github.com/apache/xmlgraphics-fop,GHSA-jqfv-jrvq-95jm,a0bd13fcfac467066160169f914aa5d900b0b8bb,d96ba9a11710d02716b6f4f6107ebfa9ccec7134
112,classgraph__classgraph_CVE-2021-47621_4.8.111,CVE-2021-47621,CWE-611,Improper Restriction of XML External Entity Reference,classgraph,classgraph,4.8.111,https://github.com/classgraph/classgraph,GHSA-v2xm-76pq-phcf,4aeda588fc15528c21fee04618a74296f36b7d2a,681362ad6b0b9d9abaffb2e07099ce54d7a41fa3
113,gturri__aXMLRPC_CVE-2020-36641_1.12.0,CVE-2020-36641,CWE-611,Improper Restriction of XML External Entity Reference,gturri,aXMLRPC,1.12.0,https://github.com/gturri/aXMLRPC,GHSA-g4r8-28fp-f255,996fd7f3ed68210720fdd425016a635b6167a053,ad6615b3ec41353e614f6ea5fdd5b046442a832b
114,eclipse-leshan__leshan_CVE-2023-41034_2.0.0-M1,CVE-2023-41034,CWE-611,Improper Restriction of XML External Entity Reference,eclipse-leshan,leshan,2.0.0-M1,https://github.com/eclipse-leshan/leshan,GHSA-wc9j-gc65-3cm7,29e2ca2153b88636a59a9b8500a43ce1e84a4999,29577d2879ba8e7674c3b216a7f01193fc7ae013
115,haraldk__TwelveMonkeys_CVE-2021-23792_3.7.0,CVE-2021-23792,CWE-611,Improper Restriction of XML External Entity Reference,haraldk,TwelveMonkeys,3.7.0,https://github.com/haraldk/TwelveMonkeys,GHSA-pjch-4g28-fxx7,ab7b08dfa9364789ec63f0522c0b5fc4f2e47ca3,da4efe98bf09e1cce91b7633cb251958a200fc80
116,OpenRefine__simile-butterfly_CVE-2024-47883_1.0,CVE-2024-47883,CWE-918,Server-Side Request Forgery (SSRF),OpenRefine,simile-butterfly,1,https://github.com/OpenRefine/simile-butterfly,GHSA-3p8v-w8mr-m3x8,b95fdeaf6e665f2ba8123af9dfd4a9fd6c796af6,537f64bfa72746f8b21d4bda461fad843435319c
117,apache__axis-axis1-java_CVE-2023-51441_1.3.0,CVE-2023-51441,CWE-918,Server-Side Request Forgery (SSRF),apache,axis-axis1-java,1.3,https://github.com/apache/axis-axis1-java,GHSA-hr2c-p8rh-238h,e84c60c1f0764b01577d62c9e6453457d523ee77,685c309febc64aa393b2d64a05f90e7eb9f73e06
118,apache__eventmesh_CVE-2024-39954_1.6.0-release,CVE-2024-39954,CWE-918,Server-Side Request Forgery (SSRF),apache,eventmesh,1.6.0-release,https://github.com/apache/eventmesh,GHSA-hf86-8x8v-h7vc,3d8a77e3fdcc39a2ff576a12feb4daafc378bc88,
119,xwiki__xwiki-platform_CVE-2023-48240_11.11.0,CVE-2023-48240,CWE-918,Server-Side Request Forgery (SSRF),xwiki,xwiki-platform,11.11.0,https://github.com/xwiki/xwiki-platform,GHSA-7rfg-6273-f5wp,ce242f6bd8fbbe99bb18d7c7ad768df0df63e2a8,bff0203e739b6e3eb90af5736f04278c73c2a8bb
120,youseries__ureport_CVE-2020-21122_2.2.9,CVE-2020-21122,CWE-918,Server-Side Request Forgery (SSRF),youseries,ureport,2.2.9,https://github.com/youseries/ureport,GHSA-6q3p-36f4-cwxv,3d89e71b05649d2635d60d606c60e7d0a5c06444,https://github.com/youseries/ureport/issues/483
121,ctripcorp__apollo_CVE-2019-10686_1.3.0,CVE-2019-10686,CWE-918,Server-Side Request Forgery (SSRF),ctripcorp,apollo,1.3.0,https://github.com/ctripcorp/apollo,GHSA-fvx3-g627-phm2,d1ae147711af31ea522f988acb36a5c1bf3a4456,https://github.com/apolloconfig/apollo/issues/2103
122,geoserver__geoserver_CVE-2024-40625_2.25.0,CVE-2024-40625,CWE-918,Server-Side Request Forgery (SSRF),geoserver,geoserver,2.25.0,https://github.com/geoserver/geoserver,GHSA-r4hf-r8gj-jgw2,55dc8c632219161aa0a1d115ec93e6d700e3b97a,https://github.com/geoserver/geoserver/blob/main/src/rest/src/main/java/org/geoserver/rest/util/RESTUtils.java#L176
123,qos-ch__logback_CVE-2024-12801_1.4.0,CVE-2024-12801,CWE-918,Server-Side Request Forgery (SSRF),qos-ch,logback,1.4.0,https://github.com/qos-ch/logback,GHSA-6v67-2wr5-gvf4,e83403e15547abb077d5957e4fb8a302293541dc,5f05041cba4c4ac0a62748c5c527a2da48999f2d
124,microcks__microcks_CVE-2023-48910_1.7.0,CVE-2023-48910,CWE-918,Server-Side Request Forgery (SSRF),microcks,microcks,1.7.0,https://github.com/microcks/microcks,GHSA-gqj2-324p-vx73,439d2297ed27c71c85f47391f86e297b0e350cab,
125,opencrx__opencrx_CVE-2023-46502_5.2.0,CVE-2023-46502,CWE-918,Server-Side Request Forgery (SSRF),opencrx,opencrx,5.2.0,https://github.com/opencrx/opencrx,GHSA-q74f-rf27-8hxc,29f81c08d34353b53850e9a16b587ffd636a687d,ce7a71db0bb34ecbcb0e822d40598e410a48b399
126,OpenRefine__OpenRefine_CVE-2022-41401_3.5.2,CVE-2022-41401,CWE-918,Server-Side Request Forgery (SSRF),OpenRefine,OpenRefine,3.5.2,https://github.com/OpenRefine/OpenRefine/,GHSA-q7mc-fc87-v7w7,e3efd4ec270bfa07a2575efa6ece11b6e269d105,8cb2fec45dd90fda8ed9608c691f6bb8ed721cd2
127,apache__flink-cdc_CVE-2025-62228_3.3.0,CVE-2025-62228,CWE-089,Improper Neutralization of Special Elements used in an SQL Command ('SQL Injection'),apache,flink-cdc,3.3.0,https://github.com/apache/flink-cdc,GHSA-wqm3-w3p6-xjgm,6b53136c876d3506ee10deff1dd759da24fdad0b,d5766187a9a4b191820e10238d4594ae665cdb89
128,folio-org__spring-module-core_CVE-2022-4963_2.0.0,CVE-2022-4963,CWE-089,Improper Neutralization of Special Elements used in an SQL Command ('SQL Injection'),folio-org,spring-module-core,2.0.0,https://github.com/folio-org/spring-module-core,GHSA-4h5h-p23f-hjqf,e93b5ddd3022b81abf8ae81da8d3a740186f456e,d374a5f77e6b58e36f0e0e4419be18b95edcd7ff
129,apache__skywalking_CVE-2020-13921_8.0.0,CVE-2020-13921,CWE-089,Improper Neutralization of Special Elements used in an SQL Command ('SQL Injection'),apache,skywalking,8.0.0,https://github.com/apache/skywalking,GHSA-grpf-gg7v-5g5h,ed6bcb91c2832468fc16945e487a082cae627f88,fb7912c6bdda06a233f4b3e18e71a87d3e4a8951
130,apache__inlong_CVE-2023-35088_1.5.0,CVE-2023-35088,CWE-089,Improper Neutralization of Special Elements used in an SQL Command ('SQL Injection'),apache,inlong,1.5.0,https://github.com/apache/inlong,GHSA-r5pv-7g89-cxmc,9bd8781f32a151900feb2345580b858d6a1c0229,cab63a8eea6c0f4bf3d30ce245b7e1beee42504d
